size,bedrooms,bathrooms,age,location_score,price
1660,3,3,39,9.15778867522993,503291.94337614963
2094,2,3,37,2.47492921402434,451333.6460701217
1930,4,2,32,6.785370233201569,496866.85116600787
1895,2,3,27,8.288741686245276,527879.7084312264
2438,2,2,0,9.52655724627802,642208.7862313901
2969,1,3,7,4.036061269153212,661658.3063457661
1266,1,2,36,7.524830529316472,330899.15264658234
2038,2,1,31,5.849317081356571,458050.58540678286
1130,3,2,47,1.5456603345982138,243749.30167299107
2282,1,2,42,7.20999763578049,472221.9881789024
2935,3,3,36,7.210869024140591,724217.345120703
930,2,2,3,9.375461243618833,333632.3062180942
2485,2,1,29,5.475812015520752,523843.0600776038
1569,4,1,5,3.072258286394632,410298.29143197316
2315,1,3,45,1.4010744110381124,495237.37205519056
2015,2,1,18,4.740779680173151,475200.8984008657
1755,4,2,31,3.7172503006975166,472610.2515034876
1984,1,1,8,7.84979475421488,469496.9737710744
1259,2,3,11,4.1884098835694195,401259.04941784707
821,2,2,10,9.541640766833595,232809.20383416797
1547,1,3,45,9.660791826890058,440683.9591344503
1274,1,2,15,6.588177311959372,371337.88655979687
1882,1,1,0,9.357942583133946,416070.7129156697
2847,2,3,44,7.84768910063046,649501.4455031523
1775,2,3,20,5.921736768776135,425230.68384388066
2606,4,2,29,2.6227714188050033,566691.857094025
989,3,3,12,5.1273814916245595,364604.9074581228
1362,1,2,33,6.047870170263558,378486.3508513178
2699,2,2,3,8.775654226615092,681864.2711330755
2067,2,2,27,5.332000388820984,488261.0019441049
2328,1,2,37,9.07907205410161,548246.3602705081
1446,3,1,30,7.06914081121122,387117.7040560561
2868,1,2,26,2.2329915674830425,613019.9578374152
2097,3,3,4,9.954832323925837,598386.1616196292
1400,2,1,24,5.745093946785214,339935.46973392606
2861,3,3,2,4.52672466768171,685332.6233384085
1041,4,1,32,6.932023880225739,297488.1194011287
2841,2,2,3,1.9800398258293517,666460.1991291468
2163,4,1,24,6.72884782078019,481847.23910390097
2939,1,1,19,5.484124004493457,679529.6200224673
2190,1,3,33,4.660066629987249,553773.3331499363
2278,1,3,25,9.577180190610093,531117.9009530505
1575,3,2,4,5.702857450588479,415121.2872529424
834,2,1,34,2.9720573152294456,244533.28657614722
2755,1,1,27,5.130671314395688,605409.3565719784
2385,1,1,28,9.274486641154054,532366.4332057703
1821,2,2,8,2.584859241975352,462506.2962098768
1929,1,2,37,2.925613348194132,448782.06674097065
2300,4,2,49,1.1172661098137537,532930.3305490687
1502,2,2,5,1.1277104445619046,384813.5522228095
2379,2,2,18,8.464524642626614,537471.6232131331
961,2,3,43,7.589103461586602,313299.517307933
1001,4,1,10,4.195369508067625,273640.8475403381
2781,2,1,1,7.284800415048155,639248.0020752407
1795,4,1,46,4.556853336789732,408128.2666839487
1615,2,1,43,9.576071163980448,416671.35581990227
1255,3,1,43,9.703474132834314,300816.3706641716
2075,1,1,8,4.53514398228409,467650.7199114204
1816,3,1,20,8.687997157067812,408101.9857853391
1137,1,1,23,7.957801375277196,315630.006876386
1678,4,3,33,3.789999434546104,497005.9971727305
1876,3,1,21,3.0883584601099536,471429.79230054974
1591,2,3,2,5.124111853535505,437401.55926767754
1563,1,2,11,8.032139565529656,428049.69782764826
1179,1,1,27,9.641510062558709,261182.55031279352
1292,3,2,29,7.872211619799153,319952.05809899577
1980,4,2,25,8.696862865165329,557918.3143258266
2862,3,2,47,6.427578755534649,687055.8937776732
864,4,3,20,8.518670477579132,360551.3523878957
2167,4,2,27,8.059787722030759,573235.9386101537
1952,1,2,25,4.392869877336521,450009.3493866826
2827,3,2,32,5.96791271908649,631522.5635954324
2295,3,1,20,8.242778097907253,587184.8904895362
1962,4,1,34,1.4145106077096075,493231.55303854804
2322,3,3,33,8.272713541202469,601886.5677060124
1191,2,3,40,2.600993116441211,296228.96558220603
2498,2,1,46,5.632152554092951,536390.7627704648
1218,3,3,17,8.274478956003438,368706.3947800172
1178,3,1,10,3.2843897034102536,262536.9485170513
2596,4,2,22,3.212266953755377,639988.3347687769
2888,2,2,47,4.624879586160267,681524.3979308014
2982,2,3,21,9.051785178198712,721874.9258909936
1000,1,1,16,1.003985032934871,250852.92516467435
2663,4,1,4,9.112447869777414,667917.2393488871
1579,1,3,43,2.38426322177447,352577.31610887236
1302,2,1,10,9.91077738460734,378823.8869230367
2551,4,2,29,9.593622937346213,613330.114686731
1604,3,3,14,5.45207670632155,410068.38353160775
2946,4,3,26,5.614482230313653,684259.4111515683
2695,3,1,34,5.333944062482688,614201.7203124134
2370,3,3,32,6.7189928109357036,642096.9640546786
1760,4,1,19,1.8164953201143792,380414.4766005719
2285,3,1,15,1.2935615350740985,534790.8076753705
1828,1,1,33,1.5193263557430896,369186.63177871547
1302,2,1,1,4.999288143173629,299269.44071586814
1197,3,1,34,3.4799314529753507,325341.65726487676
1670,1,3,39,6.598356061338944,453752.78030669474
1192,3,2,27,9.931980604373011,342503.90302186506
1006,2,2,46,4.476908557688193,242924.54278844097
1838,1,3,38,6.16457128694062,405455.8564347031
2681,2,3,5,4.74043506316602,683226.1753158302
2284,2,2,8,8.625445009496733,537616.2250474837
1663,1,2,19,9.120127631160143,461334.6381558007
1363,1,2,0,8.89620050984734,427320.0025492367
1820,1,2,7,9.769350148113318,420912.7507405666
895,4,2,22,1.2476726662637376,268484.3633313187
2723,1,1,2,8.558345459309779,582924.7272965489
2557,1,3,3,7.765949557351839,667868.7477867592
2478,1,1,24,3.058249684603283,547043.2484230164
1340,1,2,46,9.606880840487747,344692.4042024387
1859,3,2,37,2.333601354069509,429966.00677034754
1983,4,2,14,7.115949344205175,489951.7467210259
2522,2,1,20,3.0240119513432124,593905.059756716
2619,1,1,34,4.882425838966672,553248.1291948333
2397,3,2,45,7.47243907250112,575293.1953625056
1595,3,1,13,6.06992177829742,369289.6088914871
1851,3,1,35,4.847516481953005,396369.58240976505
2443,2,2,11,3.937045878387885,622590.2293919395
2163,1,1,16,8.556936901379114,506211.68450689554
2781,4,3,38,2.294329152833323,676102.6457641666
2154,4,3,8,4.8709258887682,556802.629443841
2463,3,3,34,9.13381814597628,607235.0907298814
2329,2,3,12,8.612645954139708,579640.2297706986
2838,2,2,14,4.6084758622574205,639209.3793112871
2296,2,2,17,7.867975272411774,528713.8763620589
2208,4,2,32,8.408447476379735,554240.2373818987
2200,3,3,5,8.999986816032667,609198.9340801634
2106,1,3,26,5.900551921443052,478500.75960721524
1772,4,1,22,2.8401479744924063,446964.73987246206
2568,3,1,26,3.297781688535385,541646.9084426769
2082,3,3,33,3.6612520663744377,532790.2603318722
1509,1,3,45,6.3442223272865395,372758.1116364327
2279,1,3,37,1.295286617157476,530773.4330857873
2234,1,3,13,6.724382219019715,507599.9110950986
1448,2,1,35,4.2791881458540875,367001.94072927046
1117,1,3,7,3.6571762224067794,291803.8811120339
2057,3,1,34,8.915469136553138,464593.3456827657
1483,1,3,18,5.14002156022719,345098.107801136
1463,3,3,29,1.855477409794235,350478.3870489712
2798,4,3,13,8.440720912236223,699166.6045611812
2431,2,1,19,1.4287713169285594,482138.8565846428
2295,4,1,48,7.54074301751377,581165.7150875689
1936,4,2,24,7.965155995935986,508289.7799796799
2653,3,3,39,4.173423453359724,655300.1172667986
2320,4,2,23,8.42309070650008,546199.4535325004
1363,3,2,13,5.640934652708081,428669.6732635404
2091,1,1,25,5.169642879455171,485694.2143972759
2436,1,1,37,1.408629533218233,447974.14766609116
1498,3,2,22,3.610262742840153,341780.31371420075
2960,1,3,21,9.379089737967698,685917.4486898385
801,2,1,47,4.5264156695515005,142437.07834775752
1441,4,3,18,5.920304685010915,462307.52342505456
2389,2,3,45,5.7881951108582665,560870.9755542914
1654,4,2,2,6.31387980840424,449634.3990420212
2559,1,2,41,1.5519786007895435,525889.8930039477
2461,2,2,18,4.259586293188555,593966.9314659428
1953,1,2,8,7.508154464942987,450327.7723247149
1876,4,1,27,2.8050422596568465,423016.21129828424
2507,3,1,19,2.832205397917244,606997.0269895862
2495,3,2,44,1.0908154602012226,576064.0773010061
2533,2,1,6,4.9373373394738875,622248.6866973694
2239,1,2,13,8.944609426060797,534390.047130304
1635,1,3,8,1.467108492285781,367228.5424614289
1002,2,3,18,2.7200683854640237,350694.3419273201
922,3,3,46,3.7907608450847956,247126.80422542396
1200,4,2,13,7.585522629077916,329166.6131453896
1566,2,3,37,6.765720335223278,385891.6016761164
1093,4,1,35,4.7434951412366955,293732.47570618347
997,3,3,39,7.831620453325382,338526.1022666269
2730,1,3,16,6.486679104912117,662863.3955245606
2991,3,3,29,9.064367196914972,686036.8359845749
1408,2,1,8,8.362240742248236,417617.2037112412
1947,1,2,32,3.2753224548028053,403381.61227401404
986,2,1,24,3.442947198707802,251654.735993539
2594,2,2,13,2.1282082821314705,552027.0414106573
1459,3,2,10,4.032682531457109,378149.4126572856
2755,2,3,34,9.995895268471848,648907.4763423592
2169,3,2,40,4.651760517535549,560322.8025876777
2786,1,1,13,2.9843959122019577,632208.9795610098
2334,3,1,29,7.862345960279977,584140.7298013999
946,1,2,40,5.882239031163905,214322.19515581953
2534,3,3,3,2.346413045742573,640494.0652287129
2643,4,3,3,4.426207130447792,652770.035652239
1288,4,1,27,4.73022743985409,325812.1371992704
2759,2,3,7,7.784467305122967,714205.3365256148
2463,3,2,1,1.1860423200271402,640401.2116001357
1440,3,2,40,3.4211768211847944,391500.884105924
2602,1,1,45,5.658366711839698,582349.8335591985
2769,2,2,21,3.41962068207559,581475.103410378
2998,3,1,40,6.65590642677099,641229.5321338549
2238,2,2,15,5.3368073134715495,523082.0365673577
2434,4,1,28,4.255392293736225,612510.9614686811
1062,3,3,48,9.54287764183461,363531.38820917305
2587,3,2,47,6.6894354926781165,559632.1774633906
2991,2,2,29,2.1694723504114712,682274.3617520573
1423,3,1,11,6.040825276990559,385761.1263849528
1816,2,1,34,8.026586678808108,439763.93339404056
1680,3,2,10,7.376407277435176,425179.0363871759
2849,1,1,45,2.5488030636573344,599438.0153182867
2127,2,2,49,9.75177999136093,518930.89995680464
1252,3,3,20,5.039322811719454,345177.61405859725
1983,4,1,20,2.4312250336623515,478948.12516831176
2856,3,2,4,2.621761787153331,626770.8089357667
2482,4,3,47,1.8841149297017243,607993.5746485086
1954,4,3,19,8.231662975914409,513469.314879572
1203,1,2,36,2.098274448896638,306197.3722444832
2999,2,1,2,2.126127314275722,662095.6365713786
2901,3,2,43,8.654244532847539,669885.2226642377
2496,1,3,32,4.101436760028037,608717.1838001402
1427,3,2,8,1.2777211387726521,401361.60569386324
1386,4,1,8,1.467057695665698,405200.2884783285
2448,2,3,3,2.27953402033506,566383.6701016753
2243,3,2,34,2.920540131781206,528662.700658906
2245,3,1,16,6.986315748145648,494152.5787407282
903,4,3,33,2.415936520016454,268153.68260008225
1053,3,1,23,2.069869520593648,238994.34760296822
2296,3,3,31,7.8824722732865125,628931.3613664325
898,4,2,0,7.03949755473923,279719.48777369614
2684,1,1,7,4.9179179930971255,567095.5899654856
2719,4,3,44,5.9437879433209355,657289.9397166047
1677,1,1,22,3.8078561829377664,374774.28091468883
1137,2,1,46,5.342503782118246,311127.51891059126
1756,1,2,39,5.560053840844712,407949.2692042236
2504,1,1,11,4.485135440602863,572939.6772030143
960,2,3,11,9.159149896049465,377353.7494802473
2403,1,3,45,1.1445567848290552,496562.7839241453
1197,4,3,46,8.039541367821215,410353.70683910605
2100,1,3,14,2.119445481171919,459313.2274058596
1615,2,2,40,8.177926244834795,370463.631224174
2327,4,1,18,6.5432072410904905,598371.0362054524
2719,2,2,25,8.589502818427622,665464.5140921382
2215,2,1,28,1.8776289307680771,473454.1446538404
1958,3,1,21,6.030825706897966,482580.12853448984
2018,3,1,39,5.509790922359774,432361.95461179886
1200,2,2,20,7.355738646670228,358694.69323335116
1439,2,1,37,5.8086149670430824,350994.0748352154
1259,2,2,19,5.866611104197938,343039.0555209897
1754,3,3,28,4.866363492184583,417594.81746092293
1269,3,3,3,3.7795098160660676,371670.54908033035
1845,1,1,6,5.34037925126973,454395.89625634864
2493,1,2,27,2.0664312289156053,517583.156144578
2885,2,3,27,9.653620050847763,721962.1002542388
1362,4,2,3,7.429696872639385,386556.48436319694
2599,4,2,21,9.57220405019062,677135.0202509532
2874,3,1,11,3.040546440969669,637187.7322048483
1025,3,3,44,8.914069181588752,363494.3459079438
1597,3,1,2,8.279109861071845,453212.54930535925
1759,2,1,21,7.094371712119063,442410.8585605953
2304,4,3,43,6.6252626747668515,570906.3133738342
1252,1,3,1,3.8489469874108297,331148.73493705416
1615,2,2,23,8.347697064685278,426708.4853234264
1458,1,3,33,5.513639153317604,342934.19576658803
1346,1,2,26,1.6380241830215683,360312.12091510784
2015,2,2,40,3.81576844769617,423773.84223848087
816,1,2,0,9.417673886907949,243084.36943453975
2043,4,3,7,8.656122345443617,572423.6117272181
1869,1,1,22,9.837151282688852,405544.75641344424
2946,4,2,37,6.6519404434368825,678598.7022171845
2568,4,1,5,3.2275906582637077,568539.9532913185
1860,4,1,21,2.465335447091774,472169.67723545886
1101,3,3,24,2.6822299654761546,319816.1498273808
980,1,1,17,1.1781609251252894,273640.8046256264
1406,2,1,16,4.516138998873453,326939.69499436725
1499,2,3,11,2.7228491244958826,368930.2456224794
1792,1,2,5,4.704899144110322,442416.4957205516
1939,3,1,25,9.41494988654889,458960.74943274446
990,3,3,26,4.87486188556471,296854.3094278235
1780,4,1,7,8.901860472863515,480600.3023643176
2806,1,1,18,6.449542899542888,613213.7144977144
1984,1,2,41,3.2241839919525273,425657.91995976266
927,2,1,0,4.202692833332902,220678.46416666452
2865,1,3,28,1.7552758223928646,664766.3791119644
2616,3,1,44,4.001163342364094,610922.8167118204
2558,1,2,48,7.097868509531806,529475.3425476591
1369,2,2,34,1.6489998363649168,315469.99918182456
2146,4,3,39,2.848612676302264,532697.0633815114
2695,2,2,13,4.432969372719803,668027.846863599
1425,2,1,34,9.838445833143663,358826.2291657183
2486,4,2,47,8.06375640662992,637235.7820331496
954,2,3,44,7.601380718428935,287468.90359214466
2209,2,2,19,2.045718608729014,550016.5930436451
1584,1,2,48,8.028963042534922,423231.8152126746
1045,1,2,12,8.067419303644137,339864.0965182207
2300,4,3,37,6.409924260618954,615501.6213030948
2505,1,2,48,9.913256037985347,527709.2801899267
1337,1,2,45,3.9272851533209674,348427.42576660484
2690,2,1,48,9.471452034176664,557938.2601708833
2641,3,3,7,9.232580034608532,704805.9001730427
1720,1,2,42,1.1033259377444007,351940.629688722
1324,3,3,19,5.051048738273299,429899.2436913665
2329,1,2,32,9.79393809746416,539753.6904873208
835,1,2,25,1.928092261672682,208145.46130836342
1484,4,2,38,5.930062249449875,411149.31124724937
819,4,1,20,9.810617563369936,254810.0878168497
1199,4,1,48,5.999458816952742,282261.29408476374
1771,3,1,41,2.708337726749404,370390.68863374705
2706,2,3,42,6.239649070833308,627463.2453541665
1966,1,3,40,2.8399651655459217,500060.8258277296
1915,1,1,8,5.677338366050358,428144.6918302518
1633,1,3,23,1.666379961211132,357527.89980605565
2623,3,2,36,6.449344022929642,582220.7201146482
2782,4,2,48,5.651109452153424,600430.5472607671
1653,2,2,40,7.661452318853168,386295.2615942658
850,3,1,16,6.676304240429065,228410.52120214532
1374,4,3,23,5.94645641677681,450513.28208388406
1948,3,1,20,7.2080096432330905,479279.04821616545
2997,2,3,38,2.295477222150078,642522.3861107504
2515,4,2,40,6.358236951327436,585896.1847566372
1481,3,1,38,2.548995425404999,304612.977127025
1637,2,3,12,9.329699870666929,433008.49935333466
1877,1,3,10,1.615006943610438,424832.0347180522
2395,2,2,45,4.8733727472171395,552970.8637360857
804,1,1,18,7.262177298899004,220906.88649449503
1926,3,1,10,5.1221999050143285,436614.99952507165
2019,4,1,12,1.828857279096121,450570.2863954806
1573,4,2,45,5.9804111451403665,387634.05572570185
1676,3,1,44,6.774687179446191,353024.435897231
1791,4,2,0,7.334130798914569,461319.6539945728
846,4,2,39,4.35933833016483,231061.69165082416
1068,1,2,43,6.07293973925886,225094.69869629428
1169,3,3,18,5.056178274450218,400440.8913722511
1435,2,1,11,7.0485043487702805,378529.5217438514
1929,1,1,7,6.2520127059233666,451762.0635296168
2493,3,2,7,5.731805976032214,602252.029880161
2482,1,2,44,3.245719301544238,515503.59650772123
1456,2,1,11,1.0181666597341053,296344.83329867054
919,2,2,47,2.5667350778028633,279442.6753890143
1630,3,1,32,2.0535943728175177,372784.97186408757
2610,2,3,44,5.04176270509852,634576.8135254926
1881,1,2,25,6.510323356856602,428421.616784283
2774,2,1,38,2.9177650781632734,585500.8253908163
2169,1,2,27,9.451513863704683,557445.5693185234
1540,1,1,4,1.06013916301499,388456.69581507496
916,2,1,7,7.950709136488086,249260.54568244045
2653,3,2,24,6.62684292577398,651821.2146288699
1950,4,3,26,4.361993209429137,518731.96604714566
2731,2,1,45,1.4544004997116713,576552.0024985584
1812,1,1,22,6.6473791460585145,456984.89573029254
2464,1,1,29,4.470521615790832,555487.6080789542
1881,2,3,44,9.426404254718973,460644.0212735949
1433,3,3,46,5.877910674007893,406974.55337003944
1312,3,2,22,9.456863601641574,390292.3180082079
1919,1,3,48,2.984353241259737,480683.76620629866
1941,1,2,46,7.531533193276929,435134.66596638464
1359,3,2,19,6.555241187638531,362127.20593819267
1287,4,3,17,7.654674068481807,453486.370342409
1696,2,2,17,2.932010775752831,423457.05387876416
2012,1,3,1,6.984950646139963,521536.7532306998
1503,1,2,3,5.482363537511821,349648.8176875591
2270,3,3,29,7.685424774156846,576685.1238707842
1380,2,3,32,3.94340179736636,354410.0089868318
953,3,2,35,9.010513229187273,255476.56614593638
2479,2,1,17,1.7587118315021533,519543.55915751075
1796,2,2,36,8.264703869120693,418011.5193456035
2043,2,3,18,8.751876632335817,489574.38316167914
1892,1,1,46,8.35527080230139,375699.35401150695
1808,4,2,27,5.614537548355984,498572.6877417799
2941,3,2,39,4.945464820276852,687616.3241013843
2573,4,2,19,9.966360578723892,629265.8028936195
1757,3,1,48,3.062547560927459,373186.7378046373
1252,2,3,32,5.921883692884402,346075.418464422
2027,1,2,11,7.03607972844093,544451.3986422047
1350,4,2,14,7.307808722752887,362939.04361376446
2435,1,2,40,2.836221991647208,486526.109958236
2112,3,2,38,6.885946831058211,497725.73415529105
2557,1,2,1,8.365326098332035,652656.6304916602
1156,1,3,28,1.45016719139001,279349.83595695003
2870,4,3,40,9.203691639927849,693247.4581996392
2585,2,2,9,1.2655364963068534,549910.6824815343
2581,1,1,1,4.203739292395549,531115.6964619778
2431,2,3,10,1.1423187660966585,608448.5938304833
1815,3,1,12,1.6943065168562368,384038.5325842812
2148,1,3,9,9.200514566620711,581409.5728331036
1315,4,2,13,4.19374747671533,408207.73738357663
1135,3,3,17,4.822943773825476,317443.7188691274
2582,3,2,8,2.9380994324429737,639882.4971622148
1296,4,3,38,6.373861931680478,338297.3096584024
1695,1,2,27,6.353228932100107,449048.1446605005
1651,1,2,2,4.349803526426973,447163.01763213484
2487,3,2,19,3.997313846248585,580438.5692312429
2731,1,2,5,8.964678773625291,658792.3938681264
2368,2,1,26,4.449558156779812,520879.790783899
1756,4,2,1,5.441508929389674,526128.5446469483
2436,2,1,28,3.5497428618243756,515634.71430912183
2091,1,1,37,8.080925530214145,488585.6276510707
2240,3,2,2,4.577033412091825,612687.1670604591
1991,4,1,15,5.622499418898921,509573.4970944946
1866,1,3,29,3.2802145305369526,403410.07265268476
1084,1,2,39,9.888936331071266,284029.6816553563
811,3,1,1,3.6234616683135057,235864.30834156752
2430,3,2,16,7.936682778149965,597501.4138907498
1553,2,2,40,4.8474608532108325,396764.3042660542
2882,4,2,11,2.855956645757259,705360.7832287863
889,4,1,34,8.19746887568375,299252.34437841875
1575,3,3,42,4.002461101261389,452874.30550630693
2425,2,3,0,8.7867401265803,679460.7006329015
1217,4,1,44,9.237314664260408,317919.5733213021
914,3,2,14,8.738414518521484,274068.0725926074
1416,1,1,25,1.3150712332612509,294180.35616630624
1625,4,1,36,8.086360105045951,458431.8005252298
2449,2,1,20,4.702055198492295,572089.2759924615
2316,2,2,48,8.863506281640026,521118.53140820016
1212,2,1,30,6.741588364162649,319053.9418208132
1528,1,2,24,8.502788207295627,406469.94103647815
1475,4,1,22,5.494885928801518,387590.4296440076
2692,4,3,23,5.815229541390395,692370.147706952
1922,1,1,37,2.299488689203005,383532.443446015
2371,4,1,27,8.055886228204198,529944.431141021
1777,1,3,20,4.774506505002744,456026.5325250137
1808,1,2,42,5.500721064444243,460078.60532222124
2943,1,2,17,8.065879426861368,719779.3971343068
2487,2,1,35,6.389608600714951,584467.0430035747
836,4,3,34,2.809888546984007,324940.44273492
2348,1,2,44,6.312093932358034,511031.4696617902
1672,4,1,8,4.668695721816902,447617.4786090845
2621,2,3,37,5.225729878394764,646061.6493919739
2096,1,2,29,1.25480146962401,440985.00734812004
2909,3,2,43,2.8902641456465346,679211.3207282326
1395,2,3,33,3.5293427324292543,367467.71366214624
2703,3,3,31,7.416640070729252,682459.2003536463
1528,4,3,2,1.103432259683038,464284.1612984152
2165,4,3,2,4.678995351062189,614529.9767553109
1196,2,1,27,9.316241833831596,308243.20916915796
1498,4,3,43,2.0069255489421147,413016.6277447106
2435,3,2,14,5.647819493967499,636433.0974698375
1195,1,2,40,8.078701441517623,286967.5072075881
875,1,1,22,9.48278176768105,232323.90883840524
1064,1,2,39,7.720989755803462,300935.9487790173
2619,2,2,10,7.485089937799655,606411.4496889983
1517,4,3,47,8.438392811761862,478372.96405880933
1650,3,2,31,5.015810988797893,391892.0549439895
2190,4,1,35,8.252600793560497,558075.0039678025
943,4,3,32,1.0716796427090602,332483.3982135453
1684,4,3,23,9.321049498391243,523687.2474919562
1195,1,1,38,4.989758585654577,234505.79292827286
2292,3,3,33,5.9804216907917285,553362.1084539586
1967,3,3,27,3.293940240233941,511735.7012011697
1862,4,1,36,7.682777495563792,481917.887477819
2956,1,3,6,1.6897222582772393,718225.6112913862
1865,1,1,3,8.853722222921517,410348.6111146076
2009,3,1,36,8.453051461057084,441919.2573052854
1433,1,2,0,2.9445410462028976,384017.70523101446
1956,1,2,0,8.28391958456736,474644.5979228368
2038,1,3,46,8.077219597553334,494968.09798776667
1532,2,3,19,6.689949379785541,416930.7468989277
1034,4,1,18,4.361681592097188,249976.40796048596
1550,3,3,28,3.4434887876368108,468838.44393818406
1753,3,1,9,3.08605231260415,404124.26156302076
2342,2,1,17,3.8674806648724647,521777.40332436236
1997,4,3,27,9.132025990892773,569826.1299544638
2476,3,1,34,1.6987669838990316,572746.8349194952
1991,1,2,42,8.459841486276627,437490.20743138314
2216,3,3,46,4.140010675376412,489201.0533768821
2017,1,2,30,5.6943945641022236,445481.9728205111
2340,2,3,26,8.150370702836415,619214.853514182
2876,1,1,10,8.959388923206742,634674.9446160337
2245,3,3,48,4.103032780653823,515981.1639032691
2319,3,2,48,5.156591331475993,567022.95665738
2188,3,1,37,4.730644583351131,485128.22291675565
2656,2,3,4,1.119259301535195,613877.296507676
2165,2,3,7,3.6634859997279094,523671.4299986395
1299,4,3,33,5.132703103593056,430760.5155179653
2480,3,2,47,4.699842479923958,535799.2123996197
1310,1,2,11,7.497363047641115,367870.8152382056
1016,2,3,37,4.463232554989929,338543.1627749496
2124,3,1,0,5.404388040736032,532713.9402036802
1955,3,1,30,4.86647732919127,440857.3866459564
2627,2,2,3,7.6656353400493344,617260.1767002466
2610,4,1,48,8.766751590882663,559297.7579544133
2005,2,2,44,5.787001711067627,432497.00855533814
890,2,3,49,8.10488974775672,280038.4487387836
1513,1,2,4,3.671080138178655,406174.4006908933
2681,1,2,29,5.872326491415418,584195.632457077
838,4,3,23,4.107069583029752,250195.34791514877
972,3,1,2,4.727808330146473,245308.0416507324
1452,2,2,10,7.591724783314017,411501.6239165701
1553,4,2,44,8.934962340994414,394339.81170497206
2043,1,3,3,2.0934585197898885,458962.29259894945
1881,2,1,25,6.711753308386425,470617.7665419321
2483,3,2,26,6.239294268200187,559148.471341001
1255,1,3,45,2.065735352583387,306065.67676291696
1628,1,2,42,2.9070489739609817,409561.2448698049
1694,1,3,26,3.7990224525941225,403811.1122629706
2184,4,1,41,2.5023796373575133,504615.89818678756
2758,3,1,49,3.193565342719076,550529.8267135954
2796,2,1,5,3.4084071897553674,609544.0359487769
989,4,1,14,4.021064497351537,324287.3224867577
1304,4,2,29,7.744514075210431,334533.5703760522
2014,4,2,41,6.147209834655406,472318.04917327705
2331,1,1,36,9.876220047562613,537272.1002378131
1623,3,1,36,4.732622442707239,371988.11221353617
1728,4,1,41,7.7847856645323255,387719.9283226616
1733,2,2,36,8.843215792388804,428275.07896194403
1940,3,1,34,7.110806437342378,496799.0321867119
933,2,1,22,4.706782663757464,271996.91331878735
2905,3,1,5,7.782351676711777,667680.7583835588
1484,2,3,3,2.833004239954164,387665.0211997708
2652,1,1,17,3.947969486621192,603495.8474331059
1614,4,3,8,5.920167295893599,505827.836479468
1972,2,3,48,6.178684485575335,437562.4224278767
879,3,1,28,1.1992732792536651,217676.36639626833
1002,4,3,12,9.506027698804079,329250.1384940204
2052,4,1,46,7.26964544095651,485337.22720478254
2499,3,2,16,5.46133375208702,632382.6687604351
2050,2,2,44,9.398145109674775,478887.7255483739
2482,1,2,31,4.951860087257456,563724.3004362873
2355,1,2,47,9.823920132433345,519049.6006621667
2894,2,3,21,5.610562815191366,698085.8140759568
2056,4,1,3,2.028571929981815,536163.8596499091
2349,4,1,4,7.883208752133495,554596.0437606674
1966,4,1,36,7.110079525700565,504646.3976285028
2196,4,2,40,7.956880491750281,569918.4024587515
1270,2,2,48,9.56297825853113,339644.89129265567
1835,4,1,12,7.988403723859163,435471.0186192958
2153,3,2,33,6.502029419949822,569708.1470997491
1767,4,1,44,8.715780121247569,470965.9006062378
1157,1,1,21,7.059217954190784,284874.0897709539
1467,4,1,22,4.673071511433308,336702.35755716654
1172,2,1,2,8.970577878175959,322138.8893908798
1831,1,1,41,2.997104147059356,379884.52073529677
1945,2,1,33,7.431771474178518,474554.8573708926
2171,2,1,31,8.934071094466812,543548.3554723341
889,1,2,44,7.581848677329666,211988.24338664833
1339,2,1,48,7.275478771484712,299283.39385742357
1668,2,1,20,7.7737446466465245,437205.7232332326
840,4,2,45,5.1854972347057995,249471.486173529
1539,3,2,43,8.867536139413234,363134.6806970662
2746,2,2,20,2.830928276224821,659065.6413811242
2024,2,1,43,2.146477744003054,418392.3887200153
1728,2,3,10,3.569579021066604,411672.895105333
2836,4,3,38,5.784196570974938,702590.9828548747
1724,3,2,3,5.595056158684043,478431.2807934202
2381,1,3,0,8.385388819089279,610006.9440954464
1189,4,2,27,4.641117907636157,355083.5895381808
2417,4,1,23,5.359099836623578,610841.4991831179
1055,3,3,34,1.1203091493345607,328891.5457466728
1508,3,1,12,4.687653127986452,389671.26563993224
2638,4,3,46,6.8299680965530785,627404.8404827653
2744,1,1,33,1.1395749756393296,555098.8748781966
809,4,3,10,3.527937686676194,257553.68843338097
1597,3,1,35,2.8716072336045095,345260.03616802255
1676,1,1,16,1.377868860186294,365857.3443009315
1828,3,3,34,5.313340809230837,476294.70404615416
1815,1,1,17,2.6355096390534083,369205.54819526704
2624,2,1,39,7.687733856682421,584803.6692834122
1173,3,1,21,8.631350953870136,359879.7547693507
2993,3,3,23,5.910266644022331,710484.3332201117
1023,4,3,18,9.835366082690275,323950.83041345136
2062,3,1,36,5.054307143235358,457069.5357161768
2602,3,1,38,5.62031389202424,566430.5694601212
1652,2,3,20,9.902959785619752,419235.79892809875
862,3,3,7,3.0839359236854396,346790.6796184272
2040,2,1,27,9.482913457092147,488835.5672854607
1488,2,1,4,1.3855379960720193,378162.6899803601
2284,2,1,16,5.017482012368753,494647.41006184375
2433,2,2,36,1.630031609197592,500110.15804598795
2952,1,3,35,7.563112686222787,643528.563431114
1310,4,2,18,6.47568042292016,422376.4021146008
1184,1,3,26,7.3597083712083675,293399.5418560418
1204,3,3,33,4.370323599712153,313781.6179985608
1317,1,3,10,4.325337406282422,329297.6870314121
1275,1,3,44,1.4078735106480513,274114.36755324027
2800,3,3,46,4.149504455766758,623731.5222788338
2468,3,3,11,9.363595620358534,687512.9781017926
2693,3,3,20,4.413038834624041,671607.1941731202
2260,1,2,10,8.48230935599773,512272.5467799887
1513,1,1,38,8.580929542749406,396474.64771374705
882,3,1,27,4.359170407413105,273398.85203706555
1968,4,2,4,6.687898123565701,554415.4906178286
2701,4,2,16,1.8583444204575277,654738.7221022877
2848,2,2,19,1.9331072266084885,659366.5361330424
850,3,2,40,1.4379189729554198,203166.5948647771
1484,2,3,45,6.229135840375985,388562.67920187995
1516,4,1,11,4.834638798634874,408846.19399317435
2269,2,3,5,5.932291209978161,620115.4560498908
1248,3,1,16,5.689658714575491,370225.2935728775
1680,3,1,18,4.151826919816573,431661.13459908287
1287,3,2,25,7.097260733411256,405058.30366705626
2623,1,3,47,7.826516928247516,572362.5846412376
2881,2,2,43,1.1316543298990815,588914.2716494955
2942,4,3,43,2.8651806979199046,652107.9034895995
2374,4,1,31,7.4191228127500315,571634.6140637501
1049,4,2,5,4.479581553704508,368882.90776852256
1473,1,2,35,6.962355522474473,358050.77761237236
1237,1,1,37,4.122663937611026,280851.31968805514
2965,3,1,10,4.516796370966734,671624.9818548337
1570,4,1,32,2.4281098632071645,330132.5493160358
1067,1,2,23,3.3240791769954403,294414.3958849772
2784,3,3,22,6.448705817568285,704700.5290878414
1877,4,2,14,4.898468001836497,473052.34000918246
1035,2,3,26,7.968724146501357,320999.6207325068
1188,3,2,10,8.673264594445085,367341.32297222543
1562,1,2,49,5.874817763950839,394216.0888197542
2648,1,1,16,7.8244056285045325,562294.0281425227
1423,3,3,13,3.76214061875113,364546.70309375564
2052,3,2,26,4.734740938600703,514941.7046930035
1377,1,2,17,7.414999085951479,392737.9954297574
2922,2,1,27,4.475907935353276,616946.5396767664
1234,4,1,46,6.2965444164308995,282761.7220821545
2950,2,3,46,2.6683550117426034,643717.775058713
1563,3,2,3,6.397941834734482,391412.7091736724
2129,2,3,6,8.753623365042042,589024.1168252102
2945,1,2,44,8.81775675841083,623673.7837920542
2158,3,3,34,7.519099656965857,522467.4982848293
1246,4,1,47,7.711780411685134,302377.90205842565
2817,1,2,8,6.021347006356306,675575.7350317815
2131,1,3,7,6.262012811492423,530405.0640574622
1048,4,1,44,2.202855232694662,215334.27616347332
965,4,1,16,4.9947326957917095,256240.66347895854
2158,2,3,16,5.056986554977274,511580.9327748864
1819,3,2,48,9.626480521009661,438900.4026050483
1341,4,2,32,4.879781763609605,373962.908818048
1558,4,1,31,5.944083804124819,368665.4190206241
2928,3,2,7,5.799262593511922,704163.3129675596
2980,4,2,18,6.730855453398944,762883.2772669947
1596,4,2,37,7.734095481987063,442477.4774099353
937,2,1,2,3.025376885537849,224911.88442768925
2153,1,3,4,5.758519771885921,579050.5988594296
2675,1,2,12,8.433259365844274,647066.2968292214
868,1,1,46,5.1680324245376035,211684.16212268802
2900,1,1,45,3.506117917362157,607955.5895868108
2273,4,3,30,6.892381678206692,622579.9083910334
1004,3,2,15,8.413906562192107,355713.53281096055
2973,3,2,49,1.568262636346522,631360.3131817327
842,2,3,31,7.991114350665044,323052.57175332523
2706,2,3,21,8.394831396655942,674370.1569832797
2958,4,1,28,5.153706348297462,703769.5317414873
1560,3,1,21,9.849750911366206,360743.75455683103
2942,3,3,42,8.080375066365782,701556.875331829
2794,1,2,2,7.962963084060992,679298.815420305
2735,4,1,9,7.730547169708646,644976.7358485432
1699,4,1,41,2.355472928964466,424506.3646448223
1159,1,2,20,2.9550779780770973,243127.3898903855
2519,4,1,15,5.175911183179825,600951.5559158991
1080,4,2,11,3.3760391496351927,317733.19574817596
2687,2,2,1,4.737168751006364,623009.8437550318
1466,3,2,40,8.996176989306285,417642.88494653144
892,4,3,23,8.418942026913424,378881.7101345671
1471,2,3,34,6.67035890631984,372440.7945315992
2769,3,3,29,8.723083548259932,693090.4177412996
860,1,2,29,8.053951501155243,271860.75750577624
1828,2,2,46,4.860864386568014,444094.32193284004
2289,2,3,34,2.809586368449506,515481.9318422475
1403,3,1,18,5.627809360084052,343102.04680042027
1481,1,2,49,7.626059942756951,364082.29971378477
2228,2,1,7,4.927776388566337,545242.8819428317
1323,4,1,25,7.000947188055075,366002.73594027536
2768,4,2,48,1.8489468366193926,673302.7341830969
1901,4,2,39,7.732042627342631,480578.21313671314
2553,1,1,6,8.314422579037558,619088.1128951878
2636,2,1,29,7.36154070202487,566877.7035101244
2894,4,3,6,9.70537228773729,743720.8614386865
1944,1,3,2,8.439868517145763,521056.3425857288
1879,4,2,0,9.127843550888844,561234.2177544442
906,3,3,35,9.402139751118833,343619.69875559415
847,2,3,24,8.212131926864277,254476.6596343214
1136,2,3,36,7.068329578058492,323678.64789029246
1849,1,3,0,1.0514672322471035,415210.3361612355
2080,1,1,14,5.192431779008122,425815.15889504063
2855,2,2,36,6.140460687601249,608081.3034380062
1424,4,3,12,3.7362724520319968,392273.36226016
2690,4,1,39,3.8629400221312484,591681.7001106562
2076,3,1,7,9.650434741391486,494552.1737069574
2515,4,1,4,9.025397786824714,642582.9889341235
1102,1,3,8,8.642611049515338,306662.0552475767
1438,1,3,0,4.654106215354996,351656.531076775
855,4,2,35,1.123286953680231,271520.43476840114
1525,1,3,34,1.7220002181014267,350309.00109050714
1325,2,3,1,3.809767313958433,385739.8365697922
1273,2,1,39,1.1416862169610928,263348.43108480546
827,4,2,22,1.1543480372367831,302161.74018618395
2925,2,3,8,9.2494297147817,736233.1485739085
1164,2,3,33,7.355426519071487,330339.1325953574
1325,3,1,45,3.780603910613374,282503.0195530669
2135,3,1,13,2.1938011984085786,539743.0059920428
1682,2,3,3,5.604721461055694,507200.6073052785
1830,4,2,29,1.04811544768928,422050.5772384464
1826,3,2,30,9.445723694723297,513131.6184736165
2446,1,1,37,4.733336074500524,553213.6803725027
1718,1,1,10,4.621014597135995,403909.07298567996
2574,1,3,34,4.51534246823604,563461.7123411802
2331,4,1,7,1.6239549734898828,549173.7748674494
2706,2,3,2,6.744900158126439,702721.5007906322
2015,1,2,13,7.59703257665518,527254.1628832759
2454,4,2,12,7.085128578294612,614004.642891473
1284,3,3,44,2.245919439964549,350236.5971998227
2875,2,1,31,6.209561512320333,674662.8075616016
1513,3,2,33,6.125360357550284,379206.80178775144
1862,4,1,44,8.815697091472439,463595.4854573622
2776,1,2,18,4.412148925380823,588401.7446269041
2096,1,3,37,4.343373492934908,453260.8674646745
2054,4,3,15,6.56674352846367,529529.7176423183
2933,1,3,1,6.697653881495617,748441.269407478
925,2,2,39,5.223567045932113,231930.83522966056
1336,4,1,16,4.98753426097379,395568.67130486894
2992,3,1,33,5.447329035740944,678315.6451787048
2872,4,1,41,8.749407695529808,622828.038477649
2403,2,2,15,5.15050211128519,594255.5105564259
866,2,2,37,9.459386127728402,216724.930638642
1032,4,2,1,5.536033872366934,297662.16936183465
2956,4,2,1,9.542806238628023,776597.0311931401
1969,1,2,25,8.495487116821682,437674.4355841084
2958,2,1,12,4.261881903542462,644708.4095177123
910,4,2,46,8.772772791669544,276874.8639583477
2293,4,2,30,1.990569557810037,577735.8477890502
2881,2,1,33,9.32542457808713,688081.1228904356
1422,4,2,38,6.684791635746024,384087.9581787301
2341,1,1,2,1.4895167367008006,505964.583683504
2105,2,1,7,6.798310512857304,500905.5525642865
2561,1,3,22,9.768228887302804,663674.144436514
2775,1,3,13,1.6282058915316604,635395.0294576583
1676,1,3,26,5.992189388020777,419256.9469401039
2789,1,3,28,7.730149147834352,662235.7457391717
2112,2,2,38,8.292327280295781,508205.6364014789
2260,1,3,38,4.724447187887162,560265.2359394358
2533,1,1,0,2.837499032514187,579333.495162571
2405,4,2,16,1.3810805089514546,602996.4025447572
2326,2,3,40,6.217535413875023,576890.6770693751
2430,2,1,29,5.076199632408497,515792.99816204247
1960,3,2,12,9.5386995563474,524351.497781737
1558,2,2,20,1.545444169434188,429168.2208471709
1042,2,3,18,7.168558091014051,330791.79045507027
1863,3,2,18,1.2246959990805144,417272.47999540257
1028,2,1,24,2.5429075903948846,270530.53795197443
1719,2,2,21,5.082210999305508,403950.05499652756
2046,2,1,30,5.093851985225814,430878.2599261291
805,2,2,16,7.171304886402795,298824.524432014
1267,3,3,22,9.19191731380981,362475.58656904905
2555,2,1,31,6.751289430234287,538801.4471511714
874,2,2,9,9.58181588066358,270036.0794033179
803,3,2,9,8.934540758901978,276981.7037945099
2670,4,2,35,6.2604981597771125,633919.4907988856
1445,1,1,7,8.504127558269445,374659.6377913472
917,4,1,19,6.783198492912707,260220.99246456352
2429,3,1,31,1.7070204783135443,547483.1023915678
2821,1,3,49,7.66508250933559,666128.412546678
1746,3,3,13,1.854175971406116,513565.8798570306
2264,3,1,49,6.346745025127412,498452.7251256371
993,2,2,27,7.3237618527240596,321739.8092636203
1646,1,3,45,1.5987484738976971,425098.74236948846
2215,2,1,23,3.077151885338786,523785.75942669396
2258,1,2,14,9.241050090354848,586955.2504517742
2468,3,3,21,6.546830430096067,633780.1521504803
2233,3,2,29,3.216574169294784,531110.870846474
1941,4,2,3,7.21611794033206,529174.5897016603
2610,1,2,12,6.370987779655207,638003.9388982761
1523,2,2,22,5.514181299261535,346617.9064963077
1024,4,3,7,9.785682774892754,337227.41387446376
1331,4,3,17,7.15108399666758,408996.4199833379
912,4,3,11,4.378969987011214,309609.84993505606
2987,2,1,30,8.20066088869181,614702.304443459
1358,4,3,13,8.96124963629069,393400.24818145344
2848,2,2,33,2.126985035651483,672648.9251782574
2937,4,3,17,2.8049768006073985,750587.884003037
1453,2,2,33,2.9460430821500174,309819.21541075007
1119,3,1,10,7.220906284478863,361551.5314223943
2373,3,2,40,6.42735599547955,544091.7799773978
2628,3,2,11,6.570924082287293,666259.6204114364
2717,3,2,48,9.466959697205509,656101.7984860275
938,3,1,14,7.983203795265753,310871.0189763288
2826,4,3,30,2.1514323206060486,721306.1616030303
1701,4,3,48,4.127563741826629,485010.81870913313
1489,4,1,28,4.91854281558162,331388.7140779081
2839,2,2,25,4.563654298728444,640005.2714936422
809,2,3,17,7.023777482456913,238007.88741228456
1060,2,1,31,9.027037929309063,329962.18964654533
2742,2,3,21,3.7544631717050923,621831.3158585255
2473,3,1,37,5.966894227790671,552612.4711389533
2860,3,2,16,8.104684797222271,737488.4239861113
1991,3,3,22,4.7459625296081445,551197.8126480407
2419,1,1,23,2.5130631555936627,548407.3157779684
1120,4,3,49,5.274558687373734,357098.7934368687
2142,2,3,7,1.4970026866872561,553996.0134334363
2436,2,3,40,9.481451086020492,584172.2554301025
2794,3,3,5,1.6733908467547574,721408.9542337738
2743,2,1,4,4.946110437255204,597214.5521862761
2838,2,2,43,5.768931349796736,600643.6567489837
1918,4,1,28,9.867734490585569,499976.67245292786
2404,3,1,27,2.494196412785747,544056.9820639287
1035,4,1,10,2.029883667511227,291443.4183375561
2769,1,2,0,1.0783553235628922,652206.7766178144
1133,1,3,42,2.4001429318237206,270778.7146591186
2708,1,3,18,2.8654568116090084,590592.284058045
1175,3,3,8,6.675228474247831,330910.14237123914
1960,2,2,26,2.9773611135226035,502714.805567613
2370,3,3,33,1.1846873325639269,553055.4366628196
2119,3,2,43,8.439565109522398,504107.825547612
2655,2,3,3,4.290361309035701,663205.8065451785
2172,4,3,35,4.183270179226605,568896.350896133
1672,1,1,17,3.7223112625113393,348480.55631255667
2052,4,2,14,9.778359494317789,569307.797471589
2651,1,1,12,2.531038755783533,567088.1937789177
2114,3,1,18,9.084142575579117,536928.7128778956
1524,1,1,48,7.991229989258992,344988.14994629496
2852,3,2,5,1.6883195994938176,712291.5979974691
877,4,2,47,9.880561913507638,324239.8095675382
931,3,3,11,3.442293671851095,296820.46835925546
1400,4,1,36,1.887246343201711,307760.23171600857
2572,2,3,16,8.463828107131835,604457.1405356592
1865,2,1,22,7.360079803099299,416854.3990154965
2936,2,2,25,6.554969252901107,654683.8462645055
2663,3,2,28,2.4038277732903985,647262.138866452
2118,2,2,32,5.306465046303657,448495.3252315183
1415,1,1,26,8.025004241984924,297483.0212099246
2688,4,2,24,3.7326154432945624,595503.0772164728
1846,4,1,9,3.805208456635373,486427.04228317685
1374,1,3,46,1.028268154433099,319630.3407721655
2990,3,1,22,2.568190614808416,610776.9530740421
1792,3,3,20,8.878650626096508,543867.2531304825
2992,4,1,20,4.975718424739364,682243.5921236968
2048,2,3,42,9.858110493109905,549424.5524655496
1302,3,2,12,4.5613716721641335,317088.8583608207
2797,3,3,36,7.436678093022171,650807.3904651109
1620,1,2,32,3.537271386142562,355511.3569307128
2951,1,2,23,4.274286770268402,674311.4338513421
2770,2,3,43,2.716533888318052,608467.6694415903
997,3,1,10,4.123561316494555,270073.80658247275
2469,3,1,16,5.925137683785788,530628.688418929
2002,1,1,3,9.925955928813245,497270.77964406624
2271,3,1,46,6.977815417646071,465333.07708823035
2446,4,1,24,2.7932135896748265,612488.0679483741
2492,1,2,29,1.4046529743239602,560042.2648716198
2112,2,1,8,2.137208331830595,451670.04165915295
2835,1,2,20,6.062996811457427,600835.9840572871
1277,3,2,19,7.886442959350897,370849.2147967545
2054,2,2,18,9.463772865706723,503659.86432853364
1722,1,3,18,1.1424085479713875,401175.04273985693
1219,4,3,11,5.704841274056828,416592.20637028414
1920,4,2,36,5.237806206008591,499141.03103004297
1750,1,3,41,6.904495197781336,476576.4759889067
2077,4,1,16,6.036209690188078,504144.0484509404
2657,4,1,36,7.183352355242325,606068.7617762117
1316,4,2,47,6.9227432627427135,406046.7163137136
2458,2,1,38,2.053105523721516,471432.52761860756
2665,4,2,27,8.197461222568476,623108.3061128424
1941,4,2,40,2.109093181446924,420419.46590723464
2732,4,1,34,7.286775626882234,660244.8781344112
1614,2,3,46,4.745308308765461,421801.5415438273
2700,1,1,47,5.624656611189382,578204.2830559469
2862,3,1,17,9.129682129381395,650188.4106469069
2894,4,2,13,9.008953538261379,680171.7676913069
929,1,2,34,8.360706750895265,279266.53375447635
894,4,2,43,5.5913354241069095,247087.67712053453
2755,2,2,40,7.626158291204498,602134.7914560225
1593,1,3,6,5.616073499669285,391172.36749834643
2634,2,3,40,8.826454742272997,640729.273711365
2916,4,3,12,4.624982499096099,737419.9124954805
2483,4,2,17,9.732118099733892,602009.5904986694
810,2,2,36,9.390904824059898,266171.5241202995
2665,3,2,12,7.674423575066069,693416.1178753304
1511,2,3,35,3.514742957584648,348818.71478792327
2870,4,2,30,2.1848822991393257,635040.4114956966
1614,2,1,1,8.692331050838778,388928.6552541939
1145,3,1,15,2.4877205752416516,321495.60287620826
1162,2,2,8,8.68834710097602,372046.7355048801
2988,3,1,8,5.416885060411244,663986.4253020562
1784,3,1,37,4.659011054272938,374378.0552713647
2439,2,3,10,9.128717009509861,609378.5850475493
1627,2,2,21,6.434658842862501,439107.2942143125
1155,1,2,32,6.18952606416746,339289.6303208373
2147,4,3,35,6.028893501619579,541168.4675080979
2663,3,1,44,4.3405256441757825,543742.6282208789
926,1,1,22,8.070787931762144,240054.93965881073
1403,2,2,44,3.275185996141957,370308.9299807098
2728,4,1,44,9.450054640371475,585119.2732018573
1813,1,3,33,9.045866845422648,422697.3342271132
850,3,3,8,4.037322931074083,282437.6146553704
2230,1,2,23,7.565173928484974,553734.8696424249
2592,3,3,7,6.159008750046323,696718.0437502316
2436,2,3,6,4.038843717993111,595123.2185899656
2445,4,2,35,9.896694831959021,579217.4741597951
2005,4,3,17,1.2271361126343778,517564.68056317186
2654,4,3,2,3.27381427559158,671506.0713779579
1366,2,3,27,5.680666550000353,369928.33275000175
1735,3,1,5,5.697577031307075,474087.88515653537
2734,2,2,43,6.300397674510077,627815.9883725503
2132,4,2,43,7.765085548206273,490658.4277410314
1001,2,2,20,6.611300474673667,252367.50237336836
916,2,1,27,6.402533144752333,256965.66572376166
1736,2,1,39,1.4816301662173896,401191.15083108697
1374,3,2,0,4.3887725901036845,415363.86295051844
1336,1,1,35,3.0885016573104043,259393.50828655204
2425,1,2,20,3.388331004417779,513394.6550220889
2922,2,1,42,5.989037269063104,663189.1863453155
1185,1,3,34,2.795547834366476,295945.7391718324
1274,1,3,12,3.6455419091520778,331104.7095457604
1217,2,2,48,3.133762376656061,275843.8118832803
1738,2,1,9,9.536526488963753,449426.63244481874
1754,4,1,43,9.501991589539857,438879.9579476993
1675,1,3,46,6.489474027364466,407544.37013682234
1562,3,3,9,9.3207022185871,444506.5110929355
2002,2,1,45,8.072313809215359,403540.5690460768
2005,4,1,12,6.309530945216279,542387.6547260814
1463,3,1,36,1.0579169034711615,282644.58451735583
824,1,1,37,7.952646574714636,196826.23287357317
2790,4,1,23,7.322395074296219,661698.9753714812
2003,2,1,1,6.537282879541726,479567.4143977086
1509,3,2,21,7.843818805142245,416501.09402571124
2679,2,1,16,5.616299482972892,607738.4974148645
1984,1,3,35,7.336749441892052,455883.74720946024
1084,3,2,13,9.41654878053844,335997.7439026922
862,1,1,9,4.382245142614776,189560.2257130739
1802,1,3,34,7.373096514105629,450090.48257052817
1461,4,2,24,5.281190362098629,379205.95181049313
2292,2,3,2,7.069596866325834,584453.9843316291
1766,3,1,46,7.866040019989277,385752.2000999464
1648,1,1,37,1.4090725039221637,388686.3625196108
1907,1,1,16,6.819403995537957,430636.0199776898
1488,3,1,11,3.040670659662501,363105.3532983125
947,1,2,23,7.030292840268101,311235.4642013405
1141,4,2,28,5.214971673404321,374112.8583670216
1886,4,3,42,7.961974676783985,528168.8733839199
2524,4,1,24,2.110607336850368,534999.0366842519
2183,4,3,35,6.636901164905756,533327.5058245288
1126,1,2,25,3.506236560347971,327227.18280173984
2592,3,1,37,8.676837957975323,567569.1897898766
2559,3,1,0,9.355451550726768,656930.2577536339
1789,3,2,19,9.967584643111499,465043.9232155575
1751,3,2,27,8.16406662184555,498012.33310922777
1522,2,2,15,7.783606633852041,409746.0331692602
2879,3,2,46,2.9395068298079594,613274.5341490398
1228,2,2,16,4.024063530910979,337659.3176545549
2300,2,1,39,5.191142875860516,504981.7143793026
1085,4,2,27,7.960429430040247,376252.14715020126
2865,2,1,11,9.234692785701718,642726.4639285086
1568,1,1,26,2.7022519002068615,314659.2595010343
2194,2,2,41,9.301307362030926,537527.5368101547
993,4,2,46,7.2606218711865225,286168.1093559326
1787,2,1,29,6.496936576165347,406585.68288082676
1936,1,2,40,2.7985714415374554,427479.8572076873
2961,1,2,33,1.499725295282355,588425.6264764118
2501,1,2,36,6.116184086571459,560497.9204328572
1746,4,3,5,6.863641149960031,495945.20574980014
1630,4,1,6,2.8970330441921943,386177.165220961
2720,3,3,31,6.008105852429107,644665.5292621455
854,4,2,31,8.708440624863162,268260.2031243158
1599,1,3,24,8.51559350909518,419513.9675454759
1577,1,2,32,9.346196625276674,397539.9831263834
2281,4,3,6,4.292972286011924,572241.8614300597
2701,2,2,11,3.8624461529582685,663667.2307647914
2934,4,3,15,7.744834053827278,794770.1702691364
854,4,3,15,4.880011645873045,346931.0582293652
2623,1,3,42,1.7879379762500256,559228.6898812501
2001,3,1,35,3.5452101760344976,414080.05088017246
1632,1,3,12,4.767240569783402,473184.202848917
1112,3,1,6,3.632647829286268,275904.2391464313
2658,1,2,35,3.9898501385258944,629103.2506926295
2807,4,3,46,3.643983155569517,693300.9157778476
2806,1,2,8,1.3734925046477149,621397.4625232386
2590,1,2,31,6.7338523074199825,623428.2615371
1127,1,3,10,6.375631783181223,355694.1589159061
2087,4,1,7,6.880451486308125,566609.2574315406
2943,4,3,32,2.7307890643026473,688566.9453215132
1911,4,2,22,3.6608908745123676,485404.4543725618
2111,4,2,24,6.5765433425043005,569922.7167125215
1251,3,3,7,6.396648116139293,379878.24058069644
2323,3,1,44,5.55697278418841,498609.86392094207
964,2,1,21,4.153719250091777,283640.59625045885
981,4,2,3,9.216379042972209,395648.895214861
1709,3,2,39,4.057932180689594,417245.66090344795
1622,1,1,2,5.100572407935264,415111.86203967634
1743,4,3,28,7.103024478587878,528568.1223929394
2801,2,2,40,5.887192877800877,607464.9643890044
2854,2,1,28,4.121973787279471,649317.8689363974
1129,2,2,33,4.920803114108589,273342.01557054295
1574,1,3,33,8.150327360681555,421715.6368034078
2998,3,1,27,3.503162399379512,664645.8119968976
946,1,2,12,2.2802971579913387,271800.4857899567
1714,4,3,14,3.818468816467994,493174.34408233996
2371,2,2,22,8.645807939391112,573230.0396969556
2108,1,3,43,1.80090743370712,437069.5371685356
881,1,3,25,9.925264660352067,244152.32330176036
1313,3,1,3,5.869026090348963,312604.13045174483
2720,3,3,25,9.863611695703845,698607.0584785192
2739,2,2,39,9.450967798773798,613648.838993869
1545,1,3,8,5.075323427898251,371139.61713949125
2209,1,3,4,2.786419671448142,580389.0983572407
1506,3,1,31,2.483962989086246,313447.81494543125
1270,1,3,19,3.1599042748296178,338387.5213741481
1195,1,3,49,7.3911937650808355,278176.9688254042
2355,1,2,10,3.4565499525833907,504493.74976291694
1604,3,1,14,4.072827426438685,360733.1371321934
1733,2,1,31,5.039009235951533,442689.0461797577
2079,4,1,27,9.219094123793107,507755.47061896557
2557,2,3,21,2.704540760963615,630480.7038048181
1704,4,1,40,1.0452389734882281,386363.19486744114
1876,1,3,16,1.5408676934035315,459215.33846701763
2690,2,3,25,9.142897075121061,627229.4853756053
2323,4,2,43,6.827648183590268,587433.2409179513
2187,3,2,6,3.457365573950261,580913.8278697513
2103,3,2,41,2.59473250910072,462477.6625455036
1392,2,2,25,3.648400629734029,361577.00314867013
2906,2,2,24,2.033172345261521,641155.8617263077
927,1,3,9,9.47379619255997,332348.98096279986
1535,2,3,44,8.057855569287401,433437.277846437
1320,1,1,18,5.161520592212867,267443.6029610643
1036,1,3,10,8.784663446036816,358252.3172301841
2104,3,3,12,3.2451238386390906,497917.6191931955
2581,3,2,7,7.4540851162497415,613142.4255812487
2101,4,3,39,8.705192491123691,515537.9624556184
